Specific ID,Plant Id,"Combined Heat And
Power Plant",Nuclear Unit Id,Plant Name,Operator Name,Operator Id,Plant State,Census Region,NERC Region,Reserved,NAICS Code,EIA Sector Number,Sector Name,"Reported
Prime Mover","Reported
Fuel Type Code",AER Fuel Type Code,Reserved,Reserved,"Physical
Unit Label","Quantity
January","Quantity
February","Quantity
March","Quantity
April","Quantity
May","Quantity
June","Quantity
July","Quantity
August","Quantity
September","Quantity
October","Quantity
November","Quantity
December","Elec_Quantity
January","Elec_Quantity
February","Elec_Quantity
March","Elec_Quantity
April","Elec_Quantity
May","Elec_Quantity
June","Elec_Quantity
July","Elec_Quantity
August","Elec_Quantity
September","Elec_Quantity
October","Elec_Quantity
November","Elec_Quantity
December","MMBtuPer_Unit
January","MMBtuPer_Unit
February","MMBtuPer_Unit
March","MMBtuPer_Unit
April","MMBtuPer_Unit
May","MMBtuPer_Unit
June","MMBtuPer_Unit
July","MMBtuPer_Unit
August","MMBtuPer_Unit
September","MMBtuPer_Unit
October","MMBtuPer_Unit
November","MMBtuPer_Unit
December","Tot_MMBtu
January","Tot_MMBtu
February","Tot_MMBtu
March","Tot_MMBtu
April","Tot_MMBtu
May","Tot_MMBtu
June","Tot_MMBtu
July","Tot_MMBtu
August","Tot_MMBtu
September","Tot_MMBtu
October","Tot_MMBtu
November","Tot_MMBtu
December","Elec_MMBtu
January","Elec_MMBtu
February","Elec_MMBtu
March","Elec_MMBtu
April","Elec_MMBtu
May","Elec_MMBtu
June","Elec_MMBtu
July","Elec_MMBtu
August","Elec_MMBtu
September","Elec_MMBtu
October","Elec_MMBtu
November","Elec_MMBtu
December","Netgen
January","Netgen
February","Netgen
March","Netgen
April","Netgen
May","Netgen
June","Netgen
July","Netgen
August","Netgen
September","Netgen
October","Netgen
November","Netgen
December",Total Fuel Consumption Quantity,Electric Fuel Consumption Quantity,Total Fuel Consumption MMBtu,Elec Fuel Consumption MMBtu,Net Generation (Megawatthours),YEAR
155,159,N,,Lake Creek Dam,Heber Light & Power Company,8366,UT,MTN,WECC,,22,1,Electric Utility,HY,WAT,HYC,,,,0,0,0,0,0,0,0,0,0,0,0,0,0,0,0,0,0,0,0,0,0,0,0,0,0,0,0,0,0,0,0,0,0,0,0,0,3862,3340,4453,4342,4391,4610,4936,4428,3508,3379,3689,3725,3862,3340,4453,4342,4391,4610,4936,4428,3508,3379,3689,3725,419,363,483,471,477,500,536,481,381,367,400,404,0,0,48663,48663,5282,2017
275,299,N,,Blundell,PacifiCorp,14354,UT,MTN,WECC,,22,1,Electric Utility,ST,GEO,GEO,,,,0,0,0,0,0,0,0,0,0,0,0,0,0,0,0,0,0,0,0,0,0,0,0,0,0,0,0,0,0,0,0,0,0,0,0,0,186807,179272,200155,192358,176895,138334,186599,183968,167484,183432,176926,322110,186807,179272,200155,192358,176895,138334,186599,183968,167484,183432,176926,322110,20276,19459,21725,20879,19201,15015,20254,19968,18179,19910,19204,34963,0,0,2294340,2294340,249033,2017
897,925,N,,Hydro Plant No 3,City of Ephraim - (UT),5932,UT,MTN,WECC,,22,1,Electric Utility,HY,WAT,HYC,,,,0,0,0,0,0,0,0,0,0,0,0,0,0,0,0,0,0,0,0,0,0,0,0,0,0,0,0,0,0,0,0,0,0,0,0,0,1554,1344,1791,1747,1767,1855,1986,1781,1411,1359,1484,1499,1554,1344,1791,1747,1767,1855,1986,1781,1411,1359,1484,1499,169,146,194,190,192,201,216,193,153,148,161,163,0,0,19578,19578,2125,2017
1012,1020,N,,Manti Lower,City of Manti - (UT),11588,UT,MTN,WECC,,22,1,Electric Utility,HY,WAT,HYC,,,,0,0,0,0,0,0,0,0,0,0,0,0,0,0,0,0,0,0,0,0,0,0,0,0,0,0,0,0,0,0,0,0,0,0,0,0,1471,1272,1696,1654,1673,1756,1880,1687,1336,1287,1405,1419,1471,1272,1696,1654,1673,1756,1880,1687,1336,1287,1405,1419,160,138,184,180,182,191,204,183,145,140,153,154,0,0,18536,18536,2012,2017
3007,3643,N,,Upper Beaver,Beaver City Corporation,1434,UT,MTN,WECC,,22,1,Electric Utility,HY,WAT,HYC,,,,0,0,0,0,0,0,0,0,0,0,0,0,0,0,0,0,0,0,0,0,0,0,0,0,0,0,0,0,0,0,0,0,0,0,0,0,7874,6810,9077,8852,8951,9399,10062,9027,7151,6888,7521,7594,7874,6810,9077,8852,8951,9399,10062,9027,7151,6888,7521,7594,855,739,985,961,972,1020,1092,980,776,748,816,824,0,0,99206,99206,10768,2017
3008,3646,N,,Cutler Hydro,PacifiCorp,14354,UT,MTN,WECC,,22,1,Electric Utility,HY,WAT,HYC,,,,0,0,0,0,0,0,0,0,0,0,0,0,0,0,0,0,0,0,0,0,0,0,0,0,0,0,0,0,0,0,0,0,0,0,0,0,107937,93352,124428,121342,122708,128839,137930,123747,98031,94419,103096,104093,107937,93352,124428,121342,122708,128839,137930,123747,98031,94419,103096,104093,11716,10133,13506,13171,13319,13985,14971,13432,10640,10248,11190,11298,0,0,1359922,1359922,147609,2017
3009,3648,N,,Gadsby,PacifiCorp,14354,UT,MTN,WECC,,22,1,Electric Utility,GT,NG,NG,,,mcf,26193,62800,82555,58571,106379,61276,111652,141921,94914,50154,17913,8383,26193,62800,82555,58571,106379,61276,111652,141921,94914,50154,17913,8383,1,1,1,1,1,1,1,1,1,1,1,1,27607,65626,86270,61382,110741,64340,116118,147598,99090,51809,18647,8752,27607,65626,86270,61382,110741,64340,116118,147598,99090,51809,18647,8752,1233,4600,6326,4084,7880,4778,9548,12561,7836,3739,1230,345,822711,822711,857980,857980,64160,2017
3010,3648,N,,Gadsby,PacifiCorp,14354,UT,MTN,WECC,,22,1,Electric Utility,ST,NG,NG,,,mcf,0,0,0,0,0,47997,225637,238058,95063,0,0,0,0,0,0,0,0,47997,225637,238058,95063,0,0,0,0,0,0,0,0,1,1,1,1,0,0,0,0,0,0,0,0,50397,236242,247580,99246,0,0,0,0,0,0,0,0,50397,236242,247580,99246,0,0,0,-412,-343,-364,-378,-376,1175,11255,14000,5330,-399,-394,-440,606755,606755,633465,633465,28654,2017
3011,3651,N,,Granite,PacifiCorp,14354,UT,MTN,WECC,,22,1,Electric Utility,HY,WAT,HYC,,,,0,0,0,0,0,0,0,0,0,0,0,0,0,0,0,0,0,0,0,0,0,0,0,0,0,0,0,0,0,0,0,0,0,0,0,0,5467,4728,6302,6146,6215,6525,6986,6267,4965,4782,5222,5272,5467,4728,6302,6146,6215,6525,6986,6267,4965,4782,5222,5272,593,513,684,667,675,708,758,680,539,519,567,572,0,0,68877,68877,7476,2017
3012,3655,N,,Olmstead,PacifiCorp,14354,UT,MTN,WECC,,22,1,Electric Utility,HY,WAT,HYC,,,,0,0,0,0,0,0,0,0,0,0,0,0,0,0,0,0,0,0,0,0,0,0,0,0,0,0,0,0,0,0,0,0,0,0,0,0,0,0,0,0,0,0,0,0,0,0,0,0,0,0,0,0,0,0,0,0,0,0,0,0,0,0,0,0,0,0,0,0,0,0,0,0,0,0,0,0,0,2017
3013,3656,N,,Pioneer,PacifiCorp,14354,UT,MTN,WECC,,22,1,Electric Utility,HY,WAT,HYC,,,,0,0,0,0,0,0,0,0,0,0,0,0,0,0,0,0,0,0,0,0,0,0,0,0,0,0,0,0,0,0,0,0,0,0,0,0,19841,17160,22873,22306,22557,23684,25355,22748,18020,17356,18951,19135,19841,17160,22873,22306,22557,23684,25355,22748,18020,17356,18951,19135,2154,1863,2483,2421,2448,2571,2752,2469,1956,1884,2057,2077,0,0,249986,249986,27134,2017
3014,3658,N,,Snake Creek,Heber Light & Power Company,8366,UT,MTN,WECC,,22,1,Electric Utility,HY,WAT,HYC,,,,0,0,0,0,0,0,0,0,0,0,0,0,0,0,0,0,0,0,0,0,0,0,0,0,0,0,0,0,0,0,0,0,0,0,0,0,2932,2536,3380,3296,3334,3500,3747,3362,2663,2565,2801,2828,2932,2536,3380,3296,3334,3500,3747,3362,2663,2565,2801,2828,318,275,367,358,362,380,407,365,289,278,304,307,0,0,36944,36944,4010,2017
3015,3659,N,,Stairs,PacifiCorp,14354,UT,MTN,WECC,,22,1,Electric Utility,HY,WAT,HYC,,,,0,0,0,0,0,0,0,0,0,0,0,0,0,0,0,0,0,0,0,0,0,0,0,0,0,0,0,0,0,0,0,0,0,0,0,0,4126,3569,4757,4639,4691,4925,5273,4731,3748,3610,3941,3979,4126,3569,4757,4639,4691,4925,5273,4731,3748,3610,3941,3979,448,387,516,504,509,535,572,513,407,392,428,432,0,0,51989,51989,5643,2017
3016,3661,N,,Weber,PacifiCorp,14354,UT,MTN,WECC,,22,1,Electric Utility,HY,WAT,HYC,,,,0,0,0,0,0,0,0,0,0,0,0,0,0,0,0,0,0,0,0,0,0,0,0,0,0,0,0,0,0,0,0,0,0,0,0,0,0,0,0,0,0,0,0,0,0,0,0,0,0,0,0,0,0,0,0,0,0,0,0,0,0,0,0,0,0,0,0,0,0,0,0,0,0,0,0,0,0,2017
3017,3665,N,,Bountiful City,City of Bountiful,2010,UT,MTN,WECC,,22,1,Electric Utility,GT,DFO,DFO,,,barrels,0,0,0,0,0,0,0,0,0,0,0,0,0,0,0,0,0,0,0,0,0,0,0,0,0,0,0,0,0,0,0,0,0,0,0,0,0,0,0,0,0,0,0,0,0,0,0,0,0,0,0,0,0,0,0,0,0,0,0,0,0,0,0,0,0,0,0,0,0,0,0,0,0,0,0,0,0,2017
3018,3665,N,,Bountiful City,City of Bountiful,2010,UT,MTN,WECC,,22,1,Electric Utility,GT,NG,NG,,,mcf,28073,15476,12737,12448,13704,19499,27708,32617,19205,10954,12900,21433,28073,15476,12737,12448,13704,19499,27708,32617,19205,10954,12900,21433,1,1,1,1,1,1,1,1,1,1,1,1,26669,14702,12100,11826,13019,18524,26323,30986,18245,10406,12255,20361,26669,14702,12100,11826,13019,18524,26323,30986,18245,10406,12255,20361,2449,1350,1111,1086,1196,1701,2417,2846,1676,956,1125,1870,226754,226754,215416,215416,19783,2017
3019,3666,N,,Brigham City,Brigham City Corporation,2220,UT,MTN,WECC,,22,1,Electric Utility,HY,WAT,HYC,,,,0,0,0,0,0,0,0,0,0,0,0,0,0,0,0,0,0,0,0,0,0,0,0,0,0,0,0,0,0,0,0,0,0,0,0,0,8014,6931,9239,9010,9111,9566,10241,9188,7279,7011,7655,7729,8014,6931,9239,9010,9111,9566,10241,9188,7279,7011,7655,7729,870,752,1003,978,989,1038,1112,997,790,761,831,839,0,0,100974,100974,10960,2017
3020,3675,N,,Hydro III,City of Logan - (UT),11135,UT,MTN,WECC,,22,1,Electric Utility,HY,WAT,HYC,,,,0,0,0,0,0,0,0,0,0,0,0,0,0,0,0,0,0,0,0,0,0,0,0,0,0,0,0,0,0,0,0,0,0,0,0,0,4423,3826,5099,4973,5029,5280,5652,5071,4017,3869,4225,4266,4423,3826,5099,4973,5029,5280,5652,5071,4017,3869,4225,4266,480,415,553,540,546,573,614,550,436,420,459,463,0,0,55730,55730,6049,2017
3021,3676,N,,Manti Upper,City of Manti - (UT),11588,UT,MTN,WECC,,22,1,Electric Utility,HY,WAT,HYC,,,,0,0,0,0,0,0,0,0,0,0,0,0,0,0,0,0,0,0,0,0,0,0,0,0,0,0,0,0,0,0,0,0,0,0,0,0,377,326,435,424,429,450,482,433,343,330,360,364,377,326,435,424,429,450,482,433,343,330,360,364,41,35,47,46,47,49,52,47,37,36,39,39,0,0,4753,4753,516,2017
3022,3688,N,,Bartholomew,City of Springville - (UT),17845,UT,MTN,WECC,,22,1,Electric Utility,HY,WAT,HYC,,,,0,0,0,0,0,0,0,0,0,0,0,0,0,0,0,0,0,0,0,0,0,0,0,0,0,0,0,0,0,0,0,0,0,0,0,0,2358,2039,2718,2650,2680,2814,3013,2703,2141,2062,2252,2274,2358,2039,2718,2650,2680,2814,3013,2703,2141,2062,2252,2274,256,221,295,288,291,305,327,293,232,224,244,247,0,0,29704,29704,3224,2017
3023,3691,N,,Spanish Fork,Strawberry Water Users Assn,18205,UT,MTN,WECC,,22,1,Electric Utility,HY,WAT,HYC,,,,0,0,0,0,0,0,0,0,0,0,0,0,0,0,0,0,0,0,0,0,0,0,0,0,0,0,0,0,0,0,0,0,0,0,0,0,9404,8133,10840,10572,10691,11225,12017,10781,8541,8226,8982,9069,9404,8133,10840,10572,10691,11225,12017,10781,8541,8226,8982,9069,1021,883,1177,1147,1160,1218,1304,1170,927,893,975,984,0,0,118481,118481,12860,2017
3024,3697,N,,Gateway,Weber Basin Water Conserv Dist,20255,UT,MTN,WECC,,22,1,Electric Utility,HY,WAT,HYC,,,,0,0,0,0,0,0,0,0,0,0,0,0,0,0,0,0,0,0,0,0,0,0,0,0,0,0,0,0,0,0,0,0,0,0,0,0,8395,7260,9677,9437,9543,10020,10727,9624,7624,7343,8018,8096,8395,7260,9677,9437,9543,10020,10727,9624,7624,7343,8018,8096,911,788,1050,1024,1036,1088,1164,1045,828,797,870,879,0,0,105764,105764,11480,2017
3025,3698,N,,Wanship,Weber Basin Water Conserv Dist,20255,UT,MTN,WECC,,22,1,Electric Utility,HY,WAT,HYC,,,,0,0,0,0,0,0,0,0,0,0,0,0,0,0,0,0,0,0,0,0,0,0,0,0,0,0,0,0,0,0,0,0,0,0,0,0,5108,4418,5889,5743,5807,6098,6528,5857,4640,4469,4879,4926,5108,4418,5889,5743,5807,6098,6528,5857,4640,4469,4879,4926,554,480,639,623,630,662,709,636,504,485,530,535,0,0,64362,64362,6986,2017
3026,3699,N,,Boulder,"Garkane Energy Coop, Inc",6957,UT,MTN,WECC,,22,1,Electric Utility,HY,WAT,HYC,,,,0,0,0,0,0,0,0,0,0,0,0,0,0,0,0,0,0,0,0,0,0,0,0,0,0,0,0,0,0,0,0,0,0,0,0,0,17934,15510,20674,20161,20388,21406,22917,20560,16288,15687,17129,17295,17934,15510,20674,20161,20388,21406,22917,20560,16288,15687,17129,17295,1947,1684,2244,2188,2213,2324,2487,2232,1768,1703,1859,1877,0,0,225949,225949,24525,2017
3027,3704,N,,Uintah,Moon Lake Electric Assn Inc,12866,UT,MTN,WECC,,22,1,Electric Utility,HY,WAT,HYC,,,,0,0,0,0,0,0,0,0,0,0,0,0,0,0,0,0,0,0,0,0,0,0,0,0,0,0,0,0,0,0,0,0,0,0,0,0,5251,4541,6053,5903,5970,6268,6710,6020,4769,4593,5016,5064,5251,4541,6053,5903,5970,6268,6710,6020,4769,4593,5016,5064,570,493,657,641,648,680,728,653,518,499,544,550,0,0,66158,66158,7181,2017
3304,4251,N,,Logan City,City of Logan - (UT),11135,UT,MTN,WECC,,22,1,Electric Utility,GT,NG,NG,,,mcf,898,495,408,398,438,624,887,1044,614,350,413,686,898,495,408,398,438,624,887,1044,614,350,413,686,1,1,1,1,1,1,1,1,1,1,1,1,943,520,428,418,460,655,931,1096,645,368,434,720,943,520,428,418,460,655,931,1096,645,368,434,720,41,23,19,18,20,29,41,48,28,16,19,31,7255,7255,7618,7618,332,2017
3312,4263,N,,Echo Dam,City of Bountiful,2010,UT,MTN,WECC,,22,1,Electric Utility,HY,WAT,HYC,,,,0,0,0,0,0,0,0,0,0,0,0,0,0,0,0,0,0,0,0,0,0,0,0,0,0,0,0,0,0,0,0,0,0,0,0,0,8675,7502,10000,9752,9862,10355,11085,9945,7879,7588,8286,8366,8675,7502,10000,9752,9862,10355,11085,9945,7879,7588,8286,8366,942,814,1085,1059,1070,1124,1203,1079,855,824,899,908,0,0,109295,109295,11863,2017
3594,6165,N,,Hunter,PacifiCorp,14354,UT,MTN,WECC,,22,1,Electric Utility,ST,BIT,COL,,,short tons,383389,303409,227473,222795,282582,300198,386904,378132,358217,356874,356668,354005,383389,303409,227473,222795,282582,300198,386904,378132,358217,356874,356668,354005,22,22,22,22,22,23,22,22,22,22,22,22,8535389,6824275,5107451,4999965,6304404,6758958,8603971,8451250,8038748,8025739,7970103,7955554,8535389,6824275,5107451,4999965,6304404,6758958,8603971,8451250,8038748,8025739,7970103,7955554,839051,659922,496810,484867,621129,651562,852349,836916,790849,776808,782739,780984,3910646,3910646,87575807,87575807,8573986,2017
3595,6165,N,,Hunter,PacifiCorp,14354,UT,MTN,WECC,,22,1,Electric Utility,ST,DFO,DFO,,,barrels,706,1614,1699,1554,1212,1394,735,873,1285,1565,519,1056,706,1614,1699,1554,1212,1394,735,873,1285,1565,519,1056,6,6,6,6,6,6,6,6,6,6,6,6,4151,9490,9990,9138,7127,8197,4322,5133,7556,9202,3052,6209,4151,9490,9990,9138,7127,8197,4322,5133,7556,9202,3052,6209,408,918,972,886,702,790,428,508,743,891,300,610,14212,14212,83567,83567,8156,2017
3766,6404,N,,Deer Creek (UT),U S Bureau of Reclamation,2518,UT,MTN,WECC,,22,1,Electric Utility,HY,WAT,HYC,,,,0,0,0,0,0,0,0,0,0,0,0,0,0,0,0,0,0,0,0,0,0,0,0,0,0,0,0,0,0,0,0,0,0,0,0,0,19046,16472,21956,21411,21652,22734,24338,21835,17298,16660,18192,18367,19046,16472,21956,21411,21652,22734,24338,21835,17298,16660,18192,18367,2067,1788,2383,2324,2350,2468,2642,2370,1878,1808,1975,1994,0,0,239961,239961,26046,2017
3767,6405,N,,Flaming Gorge,U S Bureau of Reclamation,2518,UT,MTN,WECC,,22,1,Electric Utility,HY,WAT,HYC,,,,0,0,0,0,0,0,0,0,0,0,0,0,0,0,0,0,0,0,0,0,0,0,0,0,0,0,0,0,0,0,0,0,0,0,0,0,613070,530230,706740,689212,696970,731794,783427,702868,556805,536288,585576,591237,613070,530230,706740,689212,696970,731794,783427,702868,556805,536288,585576,591237,66544,57552,76711,74809,75651,79431,85035,76291,60437,58210,63560,64174,0,0,7724217,7724217,838404,2017
3806,6481,N,,Intermountain Power Project,Los Angeles Department of Water & Power,11208,UT,MTN,WECC,,22,1,Electric Utility,ST,BIT,COL,,,short tons,372562,223240,109446,58827,248174,236613,314656,321622,300237,325133,297179,313727,372562,223240,109446,58827,248174,236613,314656,321622,300237,325133,297179,313727,21,21,21,22,22,22,22,22,22,22,21,21,7924394,4683575,2347617,1297135,5368004,5233880,6897260,6998495,6524150,7000113,6383405,6682385,7924394,4683575,2347617,1297135,5368004,5233880,6897260,6998495,6524150,7000113,6383405,6682385,815323,477221,240893,135405,547782,534923,712966,715365,658528,727544,660332,690118,3121416,3121416,67340413,67340413,6916401,2017
3807,6481,N,,Intermountain Power Project,Los Angeles Department of Water & Power,11208,UT,MTN,WECC,,22,1,Electric Utility,ST,DFO,DFO,,,barrels,2454,1294,3186,5090,5415,1890,2506,1766,2241,2424,2674,2885,2454,1294,3186,5090,5415,1890,2506,1766,2241,2424,2674,2885,6,6,6,6,6,6,6,6,6,6,6,6,14209,7492,18479,29573,31353,10943,14535,10225,12998,14083,15536,16791,14209,7492,18479,29573,31353,10943,14535,10225,12998,14083,15536,16791,1462,763,1896,3087,3199,1118,1502,1045,1312,1464,1607,1734,33825,33825,196217,196217,20191,2017
3808,6481,N,,Intermountain Power Project,Los Angeles Department of Water & Power,11208,UT,MTN,WECC,,22,1,Electric Utility,ST,SUB,COL,,,short tons,35655,60853,67974,53908,59241,76305,65632,60257,39672,65573,73408,65465,35655,60853,67974,53908,59241,76305,65632,60257,39672,65573,73408,65465,20,20,20,20,20,20,20,20,21,20,20,20,703117,1197587,1345885,1065761,1161716,1529152,1302795,1211166,814863,1297034,1446138,1294243,703117,1197587,1345885,1065761,1161716,1529152,1302795,1211166,814863,1297034,1446138,1294243,72342,122025,138104,111253,118548,156285,134669,123802,82250,134805,149596,133662,723943,723943,14369457,14369457,1477340,2017
3834,6537,N,,Little Cottonwood,City of Murray - (UT),13137,UT,MTN,WECC,,22,1,Electric Utility,HY,WAT,HYC,,,,0,0,0,0,0,0,0,0,0,0,0,0,0,0,0,0,0,0,0,0,0,0,0,0,0,0,0,0,0,0,0,0,0,0,0,0,7296,6310,8410,8202,8294,8708,9323,8364,6626,6382,6968,7036,7296,6310,8410,8202,8294,8708,9323,8364,6626,6382,6968,7036,792,685,913,890,900,945,1012,908,719,693,756,764,0,0,91919,91919,9977,2017
3921,7015,N,,Unit 4,City of Mt Pleasant - (UT),13037,UT,MTN,WECC,,22,1,Electric Utility,HY,WAT,HYC,,,,0,0,0,0,0,0,0,0,0,0,0,0,0,0,0,0,0,0,0,0,0,0,0,0,0,0,0,0,0,0,0,0,0,0,0,0,3057,2644,3524,3436,3475,3648,3906,3504,2776,2674,2919,2948,3057,2644,3524,3436,3475,3648,3906,3504,2776,2674,2919,2948,332,287,382,373,377,396,424,380,301,290,317,320,0,0,38511,38511,4180,2017
3924,7028,N,,Whitehead,City of Springville - (UT),17845,UT,MTN,WECC,,22,1,Electric Utility,IC,DFO,DFO,,,barrels,0,0,0,0,0,0,0,0,0,0,0,5,0,0,0,0,0,0,0,0,0,0,0,5,0,0,0,0,0,0,0,0,0,0,0,6,0,0,0,0,0,0,0,0,0,0,0,29,0,0,0,0,0,0,0,0,0,0,0,29,0,0,0,0,0,0,0,0,0,0,0,7,5,5,29,29,7,2017
3925,7028,N,,Whitehead,City of Springville - (UT),17845,UT,MTN,WECC,,22,1,Electric Utility,IC,NG,NG,,,mcf,4011,2212,1820,1779,1958,2787,3960,4662,2745,1566,1844,3063,4011,2212,1820,1779,1958,2787,3960,4662,2745,1566,1844,3063,1,1,1,1,1,1,1,1,1,1,1,1,4159,2294,1887,1845,2030,2890,4107,4834,2847,1624,1912,3176,4159,2294,1887,1845,2030,2890,4107,4834,2847,1624,1912,3176,1027,566,466,456,502,714,1014,1194,703,401,472,784,32407,32407,33605,33605,8299,2017
3932,7034,N,,Hydro II,City of Logan - (UT),11135,UT,MTN,WECC,,22,1,Electric Utility,HY,WAT,HYC,,,,0,0,0,0,0,0,0,0,0,0,0,0,0,0,0,0,0,0,0,0,0,0,0,0,0,0,0,0,0,0,0,0,0,0,0,0,22004,19031,25366,24737,25016,26266,28119,25227,19985,19248,21017,21221,22004,19031,25366,24737,25016,26266,28119,25227,19985,19248,21017,21221,2388,2066,2753,2685,2715,2851,3052,2738,2169,2089,2281,2303,0,0,277237,277237,30092,2017
3947,7080,N,,St George Red Rock,City of St George,17874,UT,MTN,WECC,,22,1,Electric Utility,IC,DFO,DFO,,,barrels,0,0,0,0,0,0,0,0,0,0,0,8,0,0,0,0,0,0,0,0,0,0,0,8,0,0,0,0,0,0,0,0,0,0,0,6,0,0,0,0,0,0,0,0,0,0,0,44,0,0,0,0,0,0,0,0,0,0,0,44,0,0,0,0,0,0,0,0,0,0,0,5,8,8,44,44,5,2017
3948,7080,N,,St George Red Rock,City of St George,17874,UT,MTN,WECC,,22,1,Electric Utility,IC,NG,NG,,,mcf,0,0,0,0,0,0,0,0,0,0,0,0,0,0,0,0,0,0,0,0,0,0,0,0,0,0,0,0,0,0,0,0,0,0,0,0,0,0,0,0,0,0,0,0,0,0,0,0,0,0,0,0,0,0,0,0,0,0,0,0,0,0,0,0,0,0,0,0,0,0,0,0,0,0,0,0,0,2017
3954,7111,N,,Heber City,Heber Light & Power Company,8366,UT,MTN,WECC,,22,1,Electric Utility,IC,DFO,DFO,,,barrels,0,0,0,0,0,0,0,0,0,0,0,0,0,0,0,0,0,0,0,0,0,0,0,0,0,0,0,0,0,0,0,0,0,0,0,0,0,0,0,0,0,0,0,0,0,0,0,0,0,0,0,0,0,0,0,0,0,0,0,0,0,0,0,0,0,0,0,0,0,0,0,0,0,0,0,0,0,2017
3955,7111,N,,Heber City,Heber Light & Power Company,8366,UT,MTN,WECC,,22,1,Electric Utility,IC,NG,NG,,,mcf,13274,7318,6023,5886,6480,9220,13102,15423,9081,5180,6100,10135,13274,7318,6023,5886,6480,9220,13102,15423,9081,5180,6100,10135,1,1,1,1,1,1,1,1,1,1,1,1,13805,7611,6264,6121,6739,9589,13626,16040,9444,5387,6344,10540,13805,7611,6264,6121,6739,9589,13626,16040,9444,5387,6344,10540,1345,742,610,597,657,934,1328,1563,920,525,618,1027,107222,107222,111510,111510,10867,2017
3970,7132,N,,Pine View Dam,City of Bountiful,2010,UT,MTN,WECC,,22,1,Electric Utility,HY,WAT,HYC,,,,0,0,0,0,0,0,0,0,0,0,0,0,0,0,0,0,0,0,0,0,0,0,0,0,0,0,0,0,0,0,0,0,0,0,0,0,6218,5378,7169,6991,7069,7423,7946,7129,5648,5440,5940,5997,6218,5378,7169,6991,7069,7423,7946,7129,5648,5440,5940,5997,675,584,778,759,767,806,863,774,613,590,645,651,0,0,78348,78348,8504,2017
4141,7408,N,,Payson,Payson City Corporation,14600,UT,MTN,WECC,,22,1,Electric Utility,IC,DFO,DFO,,,barrels,0,0,0,0,0,0,0,0,0,0,0,4,0,0,0,0,0,0,0,0,0,0,0,4,0,0,0,0,0,0,0,0,0,0,0,6,0,0,0,0,0,0,0,0,0,0,0,23,0,0,0,0,0,0,0,0,0,0,0,23,0,0,0,0,0,0,0,0,0,0,0,0,4,4,23,23,0,2017
4142,7408,N,,Payson,Payson City Corporation,14600,UT,MTN,WECC,,22,1,Electric Utility,IC,NG,NG,,,mcf,55,31,26,25,28,39,56,66,39,22,26,43,55,31,26,25,28,39,56,66,39,22,26,43,1,1,1,1,1,1,1,1,1,1,1,1,44,25,21,20,22,31,45,53,31,18,21,34,44,25,21,20,22,31,45,53,31,18,21,34,1,0,0,0,0,0,1,1,0,0,0,0,456,456,365,365,5,2017
4228,7548,N,,Causey,Weber Basin Water Conserv Dist,20255,UT,MTN,WECC,,22,1,Electric Utility,HY,WAT,HYC,,,,0,0,0,0,0,0,0,0,0,0,0,0,0,0,0,0,0,0,0,0,0,0,0,0,0,0,0,0,0,0,0,0,0,0,0,0,5423,4690,6251,6096,6165,6473,6930,6217,4925,4744,5180,5230,5423,4690,6251,6096,6165,6473,6930,6217,4925,4744,5180,5230,589,509,679,662,669,703,752,675,535,515,562,568,0,0,68324,68324,7416,2017
4296,7767,N,,Bloomington Power Plant,City of St George,17874,UT,MTN,WECC,,22,1,Electric Utility,IC,DFO,DFO,,,barrels,4,2,3,4,4,2,2,2,2,2,2,2,4,2,3,4,4,2,2,2,2,2,2,2,6,6,6,6,6,6,6,6,6,6,6,6,22,11,17,22,22,11,11,11,11,11,11,11,22,11,17,22,22,11,11,11,11,11,11,11,2,1,2,3,3,1,1,1,1,2,1,2,31,31,171,171,20,2017
4315,7790,N,,Bonanza,Deseret Generation & Tran Coop,40230,UT,MTN,WECC,,22,1,Electric Utility,ST,BIT,COL,,,short tons,139052,120279,135812,133923,115616,152746,175917,171418,159425,164473,165462,164537,139052,120279,135812,133923,115616,152746,175917,171418,159425,164473,165462,164537,18,18,18,19,19,19,19,19,19,18,18,19,2489031,2152994,2458197,2490968,2219827,2886899,3307240,3205517,2965305,3009856,3011408,3060388,2489031,2152994,2458197,2490968,2219827,2886899,3307240,3205517,2965305,3009856,3011408,3060388,283437,237501,276044,245261,218288,288461,326384,316587,293976,301753,302364,305305,1798660,1798660,33257630,33257630,3395362,2017
4316,7790,N,,Bonanza,Deseret Generation & Tran Coop,40230,UT,MTN,WECC,,22,1,Electric Utility,ST,DFO,DFO,,,barrels,2405,820,698,716,1676,52,105,314,401,349,175,1028,2405,820,698,716,1676,52,105,314,401,349,175,1028,6,6,6,6,6,6,6,6,6,6,6,6,13733,4682,3986,4088,9570,297,600,1793,2290,1993,999,5870,13733,4682,3986,4088,9570,297,600,1793,2290,1993,999,5870,1564,517,448,403,941,30,59,177,227,200,100,586,8739,8739,49901,49901,5250,2017
4543,8010,N,,Murray Turbine,City of Murray - (UT),13137,UT,MTN,WECC,,22,1,Electric Utility,GT,NG,NG,,,mcf,2107,1162,956,935,1029,1464,2080,2449,1442,822,969,1609,2107,1162,956,935,1029,1464,2080,2449,1442,822,969,1609,1,1,1,1,1,1,1,1,1,1,1,1,2212,1220,1004,982,1080,1537,2184,2571,1514,863,1017,1689,2212,1220,1004,982,1080,1537,2184,2571,1514,863,1017,1689,176,97,80,78,86,123,174,205,121,69,81,135,17024,17024,17873,17873,1425,2017
4597,8069,N,,Huntington,PacifiCorp,14354,UT,MTN,WECC,,22,1,Electric Utility,ST,BIT,COL,,,short tons,252903,175742,134214,164892,179484,182983,251055,216570,212283,226309,224141,250920,252903,175742,134214,164892,179484,182983,251055,216570,212283,226309,224141,250920,22,22,23,23,23,23,23,23,23,23,23,23,5678684,3941014,3034444,3788723,4102286,4203485,5660537,4975912,4775731,5164824,5045862,5740297,5678684,3941014,3034444,3788723,4102286,4203485,5660537,4975912,4775731,5164824,5045862,5740297,561028,384476,280775,352029,391834,397846,562574,475069,459497,494546,482141,554425,2471496,2471496,56111799,56111799,5396241,2017
4598,8069,N,,Huntington,PacifiCorp,14354,UT,MTN,WECC,,22,1,Electric Utility,ST,DFO,DFO,,,barrels,307,463,1285,702,414,220,158,865,723,320,790,77,307,463,1285,702,414,220,158,865,723,320,790,77,6,6,6,6,6,6,6,6,6,6,6,6,1805,2722,7556,4128,2434,1294,929,5086,4251,1882,4645,453,1805,2722,7556,4128,2434,1294,929,5086,4251,1882,4645,453,178,266,699,384,233,122,92,486,409,180,444,44,6324,6324,37185,37185,3536,2017
4905,10215,Y,,Snowbird Power Plant,Snowbird Corporation,20712,UT,MTN,WECC,,721,5,Commercial NAICS Cogen,IC,NG,NG,,,mcf,21,12,10,10,11,15,22,25,15,9,10,17,13,8,6,6,7,10,13,15,9,5,6,10,1,1,1,1,1,1,1,1,1,1,1,1,22,13,10,10,11,16,23,26,16,9,10,18,14,8,6,6,7,10,14,16,9,5,6,10,2,1,1,1,1,1,2,2,1,1,1,1,177,108,184,111,13,2017
4906,10215,Y,,Snowbird Power Plant,Snowbird Corporation,20712,UT,MTN,WECC,,721,5,Commercial NAICS Cogen,IC,PG,WOO,,,mcf,0,0,0,0,0,0,0,0,0,0,0,0,0,0,0,0,0,0,0,0,0,0,0,0,0,0,0,0,0,0,0,0,0,0,0,0,0,0,0,0,0,0,0,0,0,0,0,0,0,0,0,0,0,0,0,0,0,0,0,0,0,0,0,0,0,0,0,0,0,0,0,0,0,0,0,0,0,2017
6483,50942,Y,,Lagoon Cogeneration Facility,Lagoon Corp,10657,UT,MTN,WECC,,713,5,Commercial NAICS Cogen,IC,DFO,DFO,,,barrels,0,0,0,0,0,0,0,0,0,0,0,0,0,0,0,0,0,0,0,0,0,0,0,0,0,0,0,0,0,0,0,0,0,0,0,0,0,0,0,0,0,0,0,0,0,0,0,0,0,0,0,0,0,0,0,0,0,0,0,0,0,0,0,0,0,0,0,0,0,0,0,0,0,0,0,0,0,2017
6484,50942,Y,,Lagoon Cogeneration Facility,Lagoon Corp,10657,UT,MTN,WECC,,713,5,Commercial NAICS Cogen,IC,NG,NG,,,mcf,0,0,0,0,0,0,0,0,0,0,0,0,0,0,0,0,0,0,0,0,0,0,0,0,0,0,0,0,0,0,0,0,0,0,0,0,0,0,0,0,0,0,0,0,0,0,0,0,0,0,0,0,0,0,0,0,0,0,0,0,0,0,0,0,0,0,0,0,0,0,0,0,0,0,0,0,0,2017
6491,50951,N,,Sunnyside Cogen Associates,Sunnyside Cogeneration Assoc,21734,UT,MTN,WECC,,22,2,NAICS-22 Non-Cogen,ST,DFO,DFO,,,barrels,0,0,301,868,0,0,275,559,0,319,0,0,0,0,301,868,0,0,275,559,0,319,0,0,0,0,6,6,0,0,6,6,0,6,0,0,0,0,1751,5049,0,0,1600,3252,0,1856,0,0,0,0,1751,5049,0,0,1600,3252,0,1856,0,0,0,0,131,415,0,0,124,272,0,160,0,0,2322,2322,13508,13508,1102,2017
6492,50951,N,,Sunnyside Cogen Associates,Sunnyside Cogeneration Assoc,21734,UT,MTN,WECC,,22,2,NAICS-22 Non-Cogen,ST,WC,WOC,,,short tons,39401,34711,35650,15013,37063,35778,37909,35705,37783,27827,37887,37139,39401,34711,35650,15013,37063,35778,37909,35705,37783,27827,37887,37139,12,12,12,12,12,13,13,13,12,12,12,12,469266,427640,424592,186161,456616,454738,480686,449169,456041,330028,456538,462752,469266,427640,424592,186161,456616,454738,480686,449169,456041,330028,456538,462752,38083,34816,31708,15310,38954,37489,37313,37552,37290,28446,37557,38751,411866,411866,5054227,5054227,413269,2017
6601,52039,N,,Quail Creek Hydro Plant #1,Washington Cnty Wtr Consv Dist,31613,UT,MTN,WECC,,22,2,NAICS-22 Non-Cogen,HY,WAT,HYC,,,,0,0,0,0,0,0,0,0,0,0,0,0,0,0,0,0,0,0,0,0,0,0,0,0,0,0,0,0,0,0,0,0,0,0,0,0,14280,13368,15284,12511,14354,1723,0,0,0,3529,13294,14639,14280,13368,15284,12511,14354,1723,0,0,0,3529,13294,14639,1550,1451,1659,1358,1558,187,0,0,0,383,1443,1589,0,0,102982,102982,11178,2017
7851,55302,Y,,Wasatch Energy Systems Energy Recovery,Wasatch Integrated Waste Management,29849,UT,MTN,WECC,,22,3,NAICS-22 Cogen,ST,DFO,DFO,,,barrels,0,0,0,0,0,.,.,.,.,.,.,.,0,0,0,0,0,.,.,.,.,.,.,.,0,0,0,0,0,.,.,.,.,.,.,.,0,0,0,0,0,.,.,.,.,.,.,.,0,0,0,0,0,.,.,.,.,.,.,.,0,0,0,0,0,.,.,.,.,.,.,.,0,0,0,0,0,2017
7852,55302,Y,,Wasatch Energy Systems Energy Recovery,Wasatch Integrated Waste Management,29849,UT,MTN,WECC,,22,3,NAICS-22 Cogen,ST,MSB,MLG,,,short tons,5788,4216,6058,5931,3938,0,.,.,.,.,.,.,0,0,10,202,238,0,.,.,.,.,.,.,9,9,9,9,9,0,.,.,.,.,.,.,49812,36283,52141,51042,33890,0,.,.,.,.,.,.,0,0,89,1735,2045,0,.,.,.,.,.,.,0,0,17,325,73,0,.,.,.,.,.,.,25931,450,223168,3869,415,2017
7853,55302,Y,,Wasatch Energy Systems Energy Recovery,Wasatch Integrated Waste Management,29849,UT,MTN,WECC,,22,3,NAICS-22 Cogen,ST,MSN,OTH,,,short tons,3256,2371,3408,3336,2215,0,.,.,.,.,.,.,0,0,6,113,134,0,.,.,.,.,.,.,15,15,15,15,15,0,.,.,.,.,.,.,47860,34858,50094,49043,32563,0,.,.,.,.,.,.,0,0,86,1667,1965,0,.,.,.,.,.,.,0,0,16,313,70,0,.,.,.,.,.,.,14586,253,214418,3718,399,2017
7854,55302,Y,,Wasatch Energy Systems Energy Recovery,Wasatch Integrated Waste Management,29849,UT,MTN,WECC,,22,3,NAICS-22 Cogen,ST,NG,NG,,,mcf,1073,726,630,704,3277,0,.,.,.,.,.,.,0,0,1,24,198,0,.,.,.,.,.,.,1,1,1,1,1,0,.,.,.,.,.,.,966,653,567,634,3441,0,.,.,.,.,.,.,0,0,1,22,208,0,.,.,.,.,.,.,0,0,0,4,7,0,.,.,.,.,.,.,6410,223,6261,231,12,2017
8130,55622,N,,West Valley Generation Project,Utah Municipal Power Agency,24431,UT,MTN,WECC,,22,1,Electric Utility,GT,NG,NG,,,mcf,38787,103621,140034,106350,130486,152137,100439,208654,142643,147083,64588,47944,38787,103621,140034,106350,130486,152137,100439,208654,142643,147083,64588,47944,1,1,1,1,1,1,1,1,1,1,1,1,39563,105693,142835,108477,133096,155180,102448,212827,145496,150025,65880,48903,39563,105693,142835,108477,133096,155180,102448,212827,145496,150025,65880,48903,3226,8665,11640,9560,11874,13952,9803,18628,12169,12389,5499,4222,1382766,1382766,1410423,1410423,121627,2017
8417,56102,N,,Currant Creek,PacifiCorp,14354,UT,MTN,WECC,,22,1,Electric Utility,CA,NG,NG,,,mcf,0,0,0,0,0,0,0,0,0,0,0,0,0,0,0,0,0,0,0,0,0,0,0,0,0,0,0,0,0,0,0,0,0,0,0,0,0,0,0,0,0,0,0,0,0,0,0,0,0,0,0,0,0,0,0,0,0,0,0,0,41749,3347,13901,22168,23334,36154,57671,82674,53975,26758,24441,25040,0,0,0,0,411212,2017
8418,56102,N,,Currant Creek,PacifiCorp,14354,UT,MTN,WECC,,22,1,Electric Utility,CT,NG,NG,,,mcf,964934,99951,341398,522261,558260,789698,1180462,1601038,1087199,647869,585817,603391,964934,99951,341398,522261,558260,789698,1180462,1601038,1087199,647869,585817,603391,1,1,1,1,1,1,1,1,1,1,1,1,1004496,104149,354371,541585,580032,817337,1225320,1658675,1129600,671840,607492,626923,1004496,104149,354371,541585,580032,817337,1225320,1658675,1129600,671840,607492,626923,87503,6208,28073,45496,47042,67678,104665,139187,96689,56764,51049,51676,8982278,8982278,9321820,9321820,782030,2017
8474,56163,Y,,Kennecott Power Plant,Kennecott Utah Copper,49805,UT,MTN,WECC,,331,7,Industrial NAICS Cogen,GT,NG,NG,,,mcf,66571,40794,39776,52493,43763,49643,50752,45067,53048,58831,13113,75080,12613,15319,6519,0,2773,11961,14385,9789,11636,14112,8186,13514,1,1,1,1,1,1,1,1,1,1,1,1,69900,42548,41486,54803,45645,52274,53188,46915,55223,56654,13624,78158,13244,15978,6799,0,2892,12595,15075,10190,12113,13590,8505,14068,3183,3840,1634,0,695,3027,3623,2449,2911,3266,2044,3381,588931,120807,610418,125049,30053,2017
8475,56163,Y,,Kennecott Power Plant,Kennecott Utah Copper,49805,UT,MTN,WECC,,331,7,Industrial NAICS Cogen,ST,BIT,COL,,,short tons,0,0,0,0,6191,19514,20090,21093,21781,17960,0,0,0,0,0,0,2519,8007,8425,8449,9591,7182,0,0,0,0,0,0,23,23,22,23,21,24,0,0,0,0,0,0,143074,448432,447605,490623,465242,423497,0,0,0,0,0,0,58224,184006,187700,196522,204860,169358,0,0,0,0,0,0,12690,38772,40134,42019,45711,37641,0,0,106629,44173,2418473,1000670,216968,2017
8476,56163,Y,,Kennecott Power Plant,Kennecott Utah Copper,49805,UT,MTN,WECC,,331,7,Industrial NAICS Cogen,ST,NG,NG,,,mcf,0,25172,70619,0,2786,3565,6119,7106,7301,9534,453255,138050,0,8597,25360,0,1134,1462,2566,2846,3215,3813,162090,49192,0,1,1,0,1,1,1,1,1,1,1,1,0,26254,73656,0,2906,3754,6413,7397,7600,9181,470932,143710,0,8967,26451,0,1183,1540,2689,2963,3347,3672,168411,51209,0,1917,5656,0,258,325,575,634,747,816,36010,11374,723507,260275,751803,270432,58311,2017
8477,56163,Y,,Kennecott Power Plant,Kennecott Utah Copper,49805,UT,MTN,WECC,,331,7,Industrial NAICS Cogen,ST,WH,OTH,,,,0,0,0,0,0,0,0,0,0,0,0,0,0,0,0,0,0,0,0,0,0,0,0,0,0,0,0,0,0,0,0,0,0,0,0,0,111026,128070,124182,109672,0,87745,156289,135422,122303,23714,30025,92314,111026,128070,124182,109672,0,87745,156289,135422,122303,23714,30025,92314,12051,13901,13479,11904,0,9524,16964,14699,13275,2574,3259,10020,0,0,1120762,1120762,121650,2017
8487,56177,N,,Nebo Power Station,Utah Associated Mun Power Sys,40575,UT,MTN,WECC,,22,1,Electric Utility,CA,NG,NG,,,mcf,34094,10775,3530,173,14780,72686,114040,113214,22765,2522,276,28757,34094,10775,3530,173,14780,72686,114040,113214,22765,2522,276,28757,1,1,1,1,1,1,1,1,1,1,1,1,35458,11206,3671,180,15371,75593,118602,117743,23676,2623,287,29907,35458,11206,3671,180,15371,75593,118602,117743,23676,2623,287,29907,18024,8169,2017,1114,8049,20024,29283,28067,13787,5775,1087,14256,417612,417612,434317,434317,149652,2017
8488,56177,N,,Nebo Power Station,Utah Associated Mun Power Sys,40575,UT,MTN,WECC,,22,1,Electric Utility,CT,NG,NG,,,mcf,332944,160129,36423,25147,146822,302712,399573,389590,254109,124406,24477,263452,332944,160129,36423,25147,146822,302712,399573,389590,254109,124406,24477,263452,1,1,1,1,1,1,1,1,1,1,1,1,346262,166534,37880,26153,152695,314820,415556,405174,264273,129382,25456,273990,346262,166534,37880,26153,152695,314820,415556,405174,264273,129382,25456,273990,26549,12433,2865,1887,11557,23457,32237,31052,20142,9528,1877,21352,2459784,2459784,2558175,2558175,194936,2017
8546,56237,N,,Lake Side Power Plant,PacifiCorp,14354,UT,MTN,WECC,,22,1,Electric Utility,CA,NG,NG,,,mcf,0,0,0,0,0,0,0,0,0,0,0,0,0,0,0,0,0,0,0,0,0,0,0,0,0,0,0,0,0,0,0,0,0,0,0,0,0,0,0,0,0,0,0,0,0,0,0,0,0,0,0,0,0,0,0,0,0,0,0,0,173930,107489,67990,61156,65840,104440,147777,171984,80761,36570,51656,121393,0,0,0,0,1190986,2017
8547,56237,N,,Lake Side Power Plant,PacifiCorp,14354,UT,MTN,WECC,,22,1,Electric Utility,CT,NG,NG,,,mcf,3364100,2133510,1483103,1372229,1403995,2044952,2835046,3243862,1672688,865067,1151035,2644798,3364100,2133510,1483103,1372229,1403995,2044952,2835046,3243862,1672688,865067,1151035,2644798,1,1,1,1,1,1,1,1,1,1,1,1,3502028,2216717,1539461,1421629,1451731,2118570,2945613,3360641,1736250,895344,1191321,2750590,3502028,2216717,1539461,1421629,1451731,2118570,2945613,3360641,1736250,895344,1191321,2750590,311282,194861,128906,117813,121394,176477,251469,284373,145824,71722,101544,243910,24214385,24214385,25129895,25129895,2149575,2017
8565,56253,N,,Millcreek Power Generation,City of St George,17874,UT,MTN,WECC,,22,1,Electric Utility,GT,NG,NG,,,mcf,119477,65865,54210,52977,58323,82988,117926,138820,81739,46622,54905,91219,119477,65865,54210,52977,58323,82988,117926,138820,81739,46622,54905,91219,1,1,1,1,1,1,1,1,1,1,1,1,119477,65865,54210,52977,58323,82988,117926,138820,81739,46622,54905,91219,119477,65865,54210,52977,58323,82988,117926,138820,81739,46622,54905,91219,11984,6606,5437,5314,5850,8324,11828,13924,8198,4676,5507,9149,965071,965071,965071,965071,96796,2017
8804,56509,Y,,Tesoro SLC Cogeneration Plant,Tesoro Refng Marketing Co Mntn Region,54911,UT,MTN,WECC,,32411,7,Industrial NAICS Cogen,GT,NG,NG,,,mcf,170084,157412,180193,179764,173733,145887,153401,152438,159974,165658,159630,183840,170084,95868,177460,179764,173733,145887,153401,152438,159974,160692,158543,183840,1,1,1,1,1,1,1,1,1,1,1,1,179098,164496,188482,188393,181377,153473,160918,158536,166533,172450,166813,192113,179098,100182,185623,188393,181377,153473,160918,158536,166533,167280,165677,192113,16407,8808,15994,16371,16375,14049,14787,14369,15353,14708,14276,17124,1982014,1911684,2072682,1999203,178622,2017
8805,56509,Y,,Tesoro SLC Cogeneration Plant,Tesoro Refng Marketing Co Mntn Region,54911,UT,MTN,WECC,,32411,7,Industrial NAICS Cogen,GT,OG,OOG,,,mcf,1287,87654,1711,6978,6558,1233,27653,27444,12502,28866,10526,22596,1287,53383,1685,6978,6558,1233,27653,27444,12502,28001,10454,22596,1,1,1,1,1,1,1,1,1,1,1,1,1241,88005,1733,5855,5076,1074,22869,25056,11427,26990,9273,20743,1241,53597,1707,5855,5076,1074,22869,25056,11427,26181,9210,20743,114,4713,147,509,458,98,2102,2271,1053,2302,794,1849,235008,199774,219342,184036,16409,2017
8850,56554,N,,Salt Lake Energy Systems,LES Project Holdings LLC,56355,UT,MTN,WECC,,22,2,NAICS-22 Non-Cogen,IC,LFG,MLG,,,mcf,49210,53478,45832,89801,74244,42130,25057,21391,30279,35702,44540,43686,49210,53478,45832,89801,74244,42130,25057,21391,30279,35702,44540,43686,1,1,1,1,1,1,1,1,1,1,1,1,27558,29948,25666,50289,41577,23593,14032,11979,16956,19993,24942,24464,27558,29948,25666,50289,41577,23593,14032,11979,16956,19993,24942,24464,2257,2453,2102,4119,3405,1932,1149,981,1389,1638,2043,2004,555350,555350,310997,310997,25473,2017
9014,56751,N,,Spanish Fork Wind Park 2 LLC,NRG Energy Gas & Wind Holdings Inc,59883,UT,MTN,WECC,,22,2,NAICS-22 Non-Cogen,WT,WND,WND,,,,0,0,0,0,0,0,0,0,0,0,0,0,0,0,0,0,0,0,0,0,0,0,0,0,0,0,0,0,0,0,0,0,0,0,0,0,54989,53674,39469,28342,30525,38562,25466,25830,25519,25012,48227,32421,54989,53674,39469,28342,30525,38562,25466,25830,25519,25012,48227,32421,5969,5826,4284,3076,3313,4186,2764,2804,2770,2715,5235,3519,0,0,428036,428036,46460,2017
9111,56853,N,,Trans-Jordan Generating Station,"Energy Developments, Inc II",61236,UT,MTN,WECC,,22,2,NAICS-22 Non-Cogen,IC,LFG,MLG,,,mcf,72226,78488,67267,131798,108966,61833,36775,31395,44440,52399,65370,64117,72226,78488,67267,131798,108966,61833,36775,31395,44440,52399,65370,64117,1,1,1,1,1,1,1,1,1,1,1,1,36113,39244,33634,65899,54483,30917,18388,15698,22220,26200,32685,32059,36113,39244,33634,65899,54483,30917,18388,15698,22220,26200,32685,32059,3175,3450,2957,5793,4790,2718,1616,1380,1953,2303,2873,2818,815074,815074,407540,407540,35826,2017
9347,57079,N,,Milford Wind Corridor I LLC,"First Wind O&M, LLC",59155,UT,MTN,WECC,,22,2,NAICS-22 Non-Cogen,WT,WND,WND,,,,0,0,0,0,0,0,0,0,0,0,0,0,0,0,0,0,0,0,0,0,0,0,0,0,0,0,0,0,0,0,0,0,0,0,0,0,478026,521493,376498,272631,292126,368345,248622,250115,247470,240036,467486,313915,478026,521493,376498,272631,292126,368345,248622,250115,247470,240036,467486,313915,51886,56604,40866,29592,31708,39981,26986,27148,26861,26054,50742,34073,0,0,4076763,4076763,442501,2017
9375,57107,N,,Milford Wind Corridor Stage II LLC,Milford Wind Corridor Stage II LLC,56409,UT,MTN,WECC,,22,2,NAICS-22 Non-Cogen,WT,WND,WND,,,,0,0,0,0,0,0,0,0,0,0,0,0,0,0,0,0,0,0,0,0,0,0,0,0,0,0,0,0,0,0,0,0,0,0,0,0,250927,244924,180103,129328,139293,175964,116207,117869,116448,114136,220068,147944,250927,244924,180103,129328,139293,175964,116207,117869,116448,114136,220068,147944,27236,26585,19549,14038,15119,19100,12613,12794,12640,12389,23887,16058,0,0,1953211,1953211,212006,2017
9578,57353,N,,Thermo No 1,Thermo No 1 BE 01 LLC,56694,UT,MTN,WECC,,22,2,NAICS-22 Non-Cogen,BT,GEO,GEO,,,,0,0,0,0,0,0,0,0,0,0,0,0,0,0,0,0,0,0,0,0,0,0,0,0,0,0,0,0,0,0,0,0,0,0,0,0,47840,45910,51258,49261,45301,35426,47786,47112,42891,46975,45309,82489,47840,45910,51258,49261,45301,35426,47786,47112,42891,46975,45309,82489,5193,4983,5564,5347,4917,3845,5187,5114,4656,5099,4918,8954,0,0,587558,587558,63775,2017
10080,57899,N,,Hurricane City Power,Hurricane City Power,9128,UT,MTN,WECC,,22,1,Electric Utility,IC,DFO,DFO,,,barrels,6,5,8,10,9,4,4,5,5,5,5,5,6,5,8,10,9,4,4,5,5,5,5,5,6,6,6,6,6,6,6,6,6,6,6,6,37,31,50,62,56,25,25,31,31,31,31,31,37,31,50,62,56,25,25,31,31,31,31,31,4,2,4,5,5,2,2,2,3,3,2,3,71,71,441,441,38,2017
10081,57899,N,,Hurricane City Power,Hurricane City Power,9128,UT,MTN,WECC,,22,1,Electric Utility,IC,NG,NG,,,mcf,2568,1415,1165,1138,1253,1783,2534,2983,1756,1002,1180,1960,2568,1415,1165,1138,1253,1783,2534,2983,1756,1002,1180,1960,1,1,1,1,1,1,1,1,1,1,1,1,2825,1557,1282,1252,1378,1961,2787,3281,1932,1102,1298,2156,2825,1557,1282,1252,1378,1961,2787,3281,1932,1102,1298,2156,246,136,112,109,120,171,243,286,168,96,113,188,20737,20737,22811,22811,1986,2017
10202,58006,N,,Salt Palace Solar Gen Plant,Wasatch View Solar LLC,57383,UT,MTN,WECC,,22,2,NAICS-22 Non-Cogen,PV,SUN,SUN,,,,0,0,0,0,0,0,0,0,0,0,0,0,0,0,0,0,0,0,0,0,0,0,0,0,0,0,0,0,0,0,0,0,0,0,0,0,854,1262,1889,2075,2473,2704,2014,1931,1726,1815,1249,1143,854,1262,1889,2075,2473,2704,2014,1931,1726,1815,1249,1143,93,137,205,225,268,293,219,210,187,197,136,124,0,0,21135,21135,2294,2017
10334,58130,N,,Blue Mountain Biogas,Blue Mountain Biogas LLC,58081,UT,MTN,WECC,,22,2,NAICS-22 Non-Cogen,IC,OBG,ORW,,,Mcf,25401,27604,23658,46353,38323,21746,12934,11042,15629,18429,22991,22550,25401,27604,23658,46353,38323,21746,12934,11042,15629,18429,22991,22550,1,1,1,1,1,1,1,1,1,1,1,1,12675,13774,11805,23130,19123,10851,6454,5510,7799,9196,11473,11252,12675,13774,11805,23130,19123,10851,6454,5510,7799,9196,11473,11252,532,578,495,970,802,455,271,231,327,386,481,472,286660,286660,143042,143042,5999,2017
10343,58139,N,,Central Energy Plant USU,Utah State University,19663,UT,MTN,WECC,,611,4,Commercial NAICS Non-Cogen,GT,DFO,DFO,,,barrels,268,0,0,0,0,0,0,0,0,0,0,0,268,0,0,0,0,0,0,0,0,0,0,0,6,0,0,0,0,0,0,0,0,0,0,0,1562,0,0,0,0,0,0,0,0,0,0,0,1562,0,0,0,0,0,0,0,0,0,0,0,107,0,0,0,0,0,0,0,0,0,0,0,268,268,1562,1562,107,2017
10344,58139,N,,Central Energy Plant USU,Utah State University,19663,UT,MTN,WECC,,611,4,Commercial NAICS Non-Cogen,GT,NG,NG,,,mcf,26704,37120,39367,40967,8811,0,42639,39750,41103,42228,41024,41331,26704,37120,39367,40967,8811,0,42639,39750,41103,42228,41024,41331,1,1,1,1,1,0,1,1,1,1,1,1,28039,38976,41926,43630,9384,0,44771,42453,43158,44339,43485,43398,28039,38976,41926,43630,9384,0,44771,42453,43158,44339,43485,43398,1924,2763,3018,2905,650,0,1945,3068,2431,3002,3046,2966,401044,401044,423559,423559,27718,2017
10416,58191,Y,,US Magnesium,US Magnesium,58153,UT,MTN,WECC,,331,7,Industrial NAICS Cogen,GT,DFO,DFO,,,barrels,0,0,0,0,0,0,0,0,0,0,0,0,0,0,0,0,0,0,0,0,0,0,0,0,0,0,0,0,0,0,0,0,0,0,0,0,0,0,0,0,0,0,0,0,0,0,0,0,0,0,0,0,0,0,0,0,0,0,0,0,0,0,0,0,0,0,0,0,0,0,0,0,0,0,0,0,0,2017
10417,58191,Y,,US Magnesium,US Magnesium,58153,UT,MTN,WECC,,331,7,Industrial NAICS Cogen,GT,NG,NG,,,mcf,579144,517783,563946,577914,575201,514636,512421,515372,494043,537500,535896,525201,301336,269406,300114,286608,275149,246489,231348,241158,239935,276784,265311,266946,1,1,1,1,1,1,1,1,1,1,1,1,463315,414226,451157,462331,460161,411709,409937,412298,395234,430000,428717,420161,241069,215525,240091,229286,220119,197191,185078,192926,191948,221427,212249,213557,20772,18571,20688,19757,18967,16991,15948,16624,16539,19080,18289,18401,6449057,3200584,5159246,2560466,220626,2017
10809,58570,N,,Enel Cove Fort,Enel Cove Fort LLC,56381,UT,MTN,WECC,,22,2,NAICS-22 Non-Cogen,BT,GEO,GEO,,,,0,0,0,0,0,0,0,0,0,0,0,0,0,0,0,0,0,0,0,0,0,0,0,0,0,0,0,0,0,0,0,0,0,0,0,0,126112,121025,135123,129859,119420,93388,125971,124195,113067,123834,119441,217453,126112,121025,135123,129859,119420,93388,125971,124195,113067,123834,119441,217453,13688,13136,14667,14095,12962,10137,13673,13480,12273,13441,12964,23603,0,0,1548888,1548888,168120,2017
10841,58597,Y,,HTW Plant 303 COGEN,The University of Utah,58555,UT,MTN,WECC,,611,5,Commercial NAICS Cogen,GT,NG,NG,,,mcf,52966,37775,41139,44424,47996,43227,44588,43037,46805,39978,46473,43495,19685,15644,14734,17227,18340,16217,16108,16022,17903,15451,17691,16005,1,1,1,1,1,1,1,1,1,1,1,1,55085,39248,43031,46290,50060,45086,46461,44802,48724,41537,48378,45278,20472,16254,15412,17951,19129,16914,16785,16679,18637,16054,18416,16661,4464,3545,3362,3914,4171,3688,3660,3631,4046,3546,3989,3700,531903,201027,553980,209364,45716,2017
10842,58598,N,,Beryl Solar Plant,"First Wind O&M, LLC",59155,UT,MTN,WECC,,22,2,NAICS-22 Non-Cogen,PV,SUN,SUN,,,,0,0,0,0,0,0,0,0,0,0,0,0,0,0,0,0,0,0,0,0,0,0,0,0,0,0,0,0,0,0,0,0,0,0,0,0,1993,2944,4410,4843,5772,6311,4702,4506,4028,4237,2915,2667,1993,2944,4410,4843,5772,6311,4702,4506,4028,4237,2915,2667,216,320,479,526,627,685,510,489,437,460,316,290,0,0,49328,49328,5354,2017
10843,58599,N,,Cedar Valley Solar Plant,"First Wind O&M, LLC",59155,UT,MTN,WECC,,22,2,NAICS-22 Non-Cogen,PV,SUN,SUN,,,,0,0,0,0,0,0,0,0,0,0,0,0,0,0,0,0,0,0,0,0,0,0,0,0,0,0,0,0,0,0,0,0,0,0,0,0,2115,3126,4681,5141,6128,6700,4991,4784,4276,4498,3094,2832,2115,3126,4681,5141,6128,6700,4991,4784,4276,4498,3094,2832,230,339,508,558,665,727,542,519,464,488,336,307,0,0,52366,52366,5684,2017
10844,58600,N,,Buckhorn Solar Plant,"First Wind O&M, LLC",59155,UT,MTN,WECC,,22,2,NAICS-22 Non-Cogen,PV,SUN,SUN,,,,0,0,0,0,0,0,0,0,0,0,0,0,0,0,0,0,0,0,0,0,0,0,0,0,0,0,0,0,0,0,0,0,0,0,0,0,1993,2945,4410,4844,5773,6312,4702,4507,4029,4237,2915,2668,1993,2945,4410,4844,5773,6312,4702,4507,4029,4237,2915,2668,216,320,479,526,627,685,510,489,437,460,316,290,0,0,49335,49335,5355,2017
10845,58601,N,,Milford Flat Solar Plant,"First Wind O&M, LLC",59155,UT,MTN,WECC,,22,2,NAICS-22 Non-Cogen,PV,SUN,SUN,,,,0,0,0,0,0,0,0,0,0,0,0,0,0,0,0,0,0,0,0,0,0,0,0,0,0,0,0,0,0,0,0,0,0,0,0,0,2150,3177,4757,5225,6227,6808,5072,4861,4345,4571,3144,2878,2150,3177,4757,5225,6227,6808,5072,4861,4345,4571,3144,2878,233,345,516,567,676,739,551,528,472,496,341,312,0,0,53215,53215,5776,2017
10846,58602,N,,Laho Solar Plant,"First Wind O&M, LLC",59155,UT,MTN,WECC,,22,2,NAICS-22 Non-Cogen,PV,SUN,SUN,,,,0,0,0,0,0,0,0,0,0,0,0,0,0,0,0,0,0,0,0,0,0,0,0,0,0,0,0,0,0,0,0,0,0,0,0,0,2076,3067,4593,5045,6013,6574,4897,4694,4196,4413,3036,2779,2076,3067,4593,5045,6013,6574,4897,4694,4196,4413,3036,2779,225,333,499,548,653,714,532,509,455,479,330,302,0,0,51383,51383,5577,2017
10847,58603,N,,Greenville Solar Plant,"First Wind O&M, LLC",59155,UT,MTN,WECC,,22,2,NAICS-22 Non-Cogen,PV,SUN,SUN,,,,0,0,0,0,0,0,0,0,0,0,0,0,0,0,0,0,0,0,0,0,0,0,0,0,0,0,0,0,0,0,0,0,0,0,0,0,1263,1867,2795,3070,3659,4000,2980,2856,2553,2686,1848,1691,1263,1867,2795,3070,3659,4000,2980,2856,2553,2686,1848,1691,137,203,303,333,397,434,324,310,277,292,201,184,0,0,31268,31268,3394,2017
10848,58604,N,,Granite Peak Solar Plant,"First Wind O&M, LLC",59155,UT,MTN,WECC,,22,2,NAICS-22 Non-Cogen,PV,SUN,SUN,,,,0,0,0,0,0,0,0,0,0,0,0,0,0,0,0,0,0,0,0,0,0,0,0,0,0,0,0,0,0,0,0,0,0,0,0,0,2304,3405,5099,5600,6675,7297,5437,5211,4658,4899,3370,3084,2304,3405,5099,5600,6675,7297,5437,5211,4658,4899,3370,3084,250,370,553,608,724,792,590,566,506,532,366,335,0,0,57039,57039,6191,2017
10906,58660,N,,Utah Red Hills Renewable Energy Park,Utah Red Hills Renewable Energy Park LLC,58602,UT,MTN,WECC,,22,2,NAICS-22 Non-Cogen,PV,SUN,SUN,,,,0,0,0,0,0,0,0,0,0,0,0,0,0,0,0,0,0,0,0,0,0,0,0,0,0,0,0,0,0,0,0,0,0,0,0,0,77995,115255,172605,189567,225943,247021,184037,176384,157663,165836,114085,104413,77995,115255,172605,189567,225943,247021,184037,176384,157663,165836,114085,104413,8466,12510,18735,20576,24524,26812,19976,19145,17113,18000,12383,11333,0,0,1930804,1930804,209574,2017
11427,59281,N,,eBay - South Jordan,Bloom Energy,57128,UT,MTN,WECC,,22,2,NAICS-22 Non-Cogen,FC,NG,NG,,,mcf,48452,44131,49122,46444,46045,43994,45933,45763,44044,45512,44084,45367,48452,44131,49122,46444,46045,43994,45933,45763,44044,45512,44084,45367,1,1,1,1,1,1,1,1,1,1,1,1,49421,45014,50104,47373,46966,44874,46852,46678,44925,46422,44966,46274,49421,45014,50104,47373,46966,44874,46852,46678,44925,46422,44966,46274,6637,6044,6773,6590,6513,6215,6460,6404,6148,6344,6165,6338,548891,548891,559869,559869,76631,2017
11496,59386,N,,"Enterprise Solar, LLC",Dominion Renewable Energy,58468,UT,MTN,WECC,,22,2,NAICS-22 Non-Cogen,PV,SUN,SUN,,,,0,0,0,0,0,0,0,0,0,0,0,0,0,0,0,0,0,0,0,0,0,0,0,0,0,0,0,0,0,0,0,0,0,0,0,0,83463,123336,184707,202857,241783,264339,196940,188750,168717,177463,122083,111733,83463,123336,184707,202857,241783,264339,196940,188750,168717,177463,122083,111733,9059,13387,20048,22019,26244,28692,21376,20487,18313,19262,13251,12128,0,0,2066171,2066171,224267,2017
11497,59387,N,,"Escalante Solar I, LLC",Dominion Renewable Energy,58468,UT,MTN,WECC,,22,2,NAICS-22 Non-Cogen,PV,SUN,SUN,,,,0,0,0,0,0,0,0,0,0,0,0,0,0,0,0,0,0,0,0,0,0,0,0,0,0,0,0,0,0,0,0,0,0,0,0,0,76971,113742,170339,187078,222976,243777,181621,174068,155593,163659,112587,103042,76971,113742,170339,187078,222976,243777,181621,174068,155593,163659,112587,103042,8355,12346,18489,20306,24202,26460,19714,18894,16888,17764,12220,11184,0,0,1905453,1905453,206822,2017
11498,59388,N,,"Escalante Solar II, LLC",Dominion Renewable Energy,58468,UT,MTN,WECC,,22,2,NAICS-22 Non-Cogen,PV,SUN,SUN,,,,0,0,0,0,0,0,0,0,0,0,0,0,0,0,0,0,0,0,0,0,0,0,0,0,0,0,0,0,0,0,0,0,0,0,0,0,77877,115080,172343,189279,225600,246646,183758,176117,157424,165585,113912,104254,77877,115080,172343,189279,225600,246646,183758,176117,157424,165585,113912,104254,8453,12491,18707,20545,24487,26772,19946,19116,17087,17973,12364,11316,0,0,1927875,1927875,209256,2017
11499,59389,N,,"Escalante Solar III, LLC",Dominion Renewable Energy,58468,UT,MTN,WECC,,22,2,NAICS-22 Non-Cogen,PV,SUN,SUN,,,,0,0,0,0,0,0,0,0,0,0,0,0,0,0,0,0,0,0,0,0,0,0,0,0,0,0,0,0,0,0,0,0,0,0,0,0,77389,114359,171264,188093,224186,245101,182607,175013,156438,164547,113198,103601,77389,114359,171264,188093,224186,245101,182607,175013,156438,164547,113198,103601,8400,12413,18589,20416,24334,26604,19821,18996,16980,17860,12287,11245,0,0,1915796,1915796,207945,2017
11708,59620,N,,South Milford Solar Plant,"REUT Origination, LLC",59358,UT,MTN,WECC,,22,2,NAICS-22 Non-Cogen,PV,SUN,SUN,,,,0,0,0,0,0,0,0,0,0,0,0,0,0,0,0,0,0,0,0,0,0,0,0,0,0,0,0,0,0,0,0,0,0,0,0,0,2381,3519,5270,5788,6899,7542,5619,5386,4814,5064,3483,3188,2381,3519,5270,5788,6899,7542,5619,5386,4814,5064,3483,3188,258,382,572,628,749,819,610,585,523,550,378,346,0,0,58953,58953,6399,2017
11746,59660,N,,Washington City Electric Generation,City of Washington - (UT),20135,UT,MTN,WECC,,22,1,Electric Utility,IC,NG,NG,,,mcf,547,302,249,243,267,380,541,636,375,214,252,418,547,302,249,243,267,380,541,636,375,214,252,418,1,1,1,1,1,1,1,1,1,1,1,1,547,302,249,243,267,380,541,636,375,214,252,418,547,302,249,243,267,380,541,636,375,214,252,418,4,2,2,2,2,3,4,5,3,2,2,3,4424,4424,4424,4424,33,2017
11773,59702,N,,"Pavant Solar, LLC",Dominion Renewable Energy,58468,UT,MTN,WECC,,22,2,NAICS-22 Non-Cogen,PV,SUN,SUN,,,,0,0,0,0,0,0,0,0,0,0,0,0,0,0,0,0,0,0,0,0,0,0,0,0,0,0,0,0,0,0,0,0,0,0,0,0,43916,64895,97187,106737,127219,139087,103623,99314,88773,93375,64236,58790,43916,64895,97187,106737,127219,139087,103623,99314,88773,93375,64236,58790,4767,7044,10549,11585,13809,15097,11248,10780,9636,10135,6972,6381,0,0,1087152,1087152,118002,2017
11854,59786,N,,Fiddler's Canyon #2,"SunE Solar XVII Project 2, LLC",59561,UT,MTN,WECC,,22,2,NAICS-22 Non-Cogen,PV,SUN,SUN,,,,0,0,0,0,0,0,0,0,0,0,0,0,0,0,0,0,0,0,0,0,0,0,0,0,0,0,0,0,0,0,0,0,0,0,0,0,2723,4025,6027,6619,7890,8626,6426,6159,5505,5791,3984,3646,2723,4025,6027,6619,7890,8626,6426,6159,5505,5791,3984,3646,296,437,654,718,856,936,698,669,598,629,432,396,0,0,67421,67421,7318,2017
11855,59787,N,,Fiddler's Canyon #1,"SunE Solar XVII Project 1, LLC",59560,UT,MTN,WECC,,22,2,NAICS-22 Non-Cogen,PV,SUN,SUN,,,,0,0,0,0,0,0,0,0,0,0,0,0,0,0,0,0,0,0,0,0,0,0,0,0,0,0,0,0,0,0,0,0,0,0,0,0,2768,4091,6126,6728,8019,8767,6532,6260,5596,5886,4049,3706,2768,4091,6126,6728,8019,8767,6532,6260,5596,5886,4049,3706,300,444,665,730,870,952,709,679,607,639,439,402,0,0,68528,68528,7438,2017
11883,59817,N,,Tooele Army Depot,Tooele Army Depot,59598,UT,MTN,WECC,,22,2,NAICS-22 Non-Cogen,WT,WND,WND,,,,0,0,0,0,0,0,0,0,0,0,0,0,0,0,0,0,0,0,0,0,0,0,0,0,0,0,0,0,0,0,0,0,0,0,0,0,4236,4135,3040,2183,2351,2971,1962,1990,1966,1927,3715,2498,4236,4135,3040,2183,2351,2971,1962,1990,1966,1927,3715,2498,460,449,330,237,255,322,213,216,213,209,403,271,0,0,32974,32974,3579,2017
11964,59932,N,,Fiddler's Canyon 3,"SunE Solar XVII Project 3, LLC",59695,UT,MTN,WECC,,22,2,NAICS-22 Non-Cogen,PV,SUN,SUN,,,,0,0,0,0,0,0,0,0,0,0,0,0,0,0,0,0,0,0,0,0,0,0,0,0,0,0,0,0,0,0,0,0,0,0,0,0,2671,3948,5912,6493,7739,8461,6303,6041,5400,5680,3907,3576,2671,3948,5912,6493,7739,8461,6303,6041,5400,5680,3907,3576,290,428,642,705,840,918,684,656,586,617,424,388,0,0,66131,66131,7178,2017
11970,59941,N,,"Iron Springs Solar, LLC",Dominion Renewable Energy,58468,UT,MTN,WECC,,22,2,NAICS-22 Non-Cogen,PV,SUN,SUN,,,,0,0,0,0,0,0,0,0,0,0,0,0,0,0,0,0,0,0,0,0,0,0,0,0,0,0,0,0,0,0,0,0,0,0,0,0,78900,116592,174608,191766,228564,249886,186172,178430,159492,167760,115408,105624,78900,116592,174608,191766,228564,249886,186172,178430,159492,167760,115408,105624,8564,12655,18952,20815,24809,27123,20208,19367,17312,18209,12527,11465,0,0,1953202,1953202,212005,2017
11974,59945,N,,"Granite Mountain Solar West, LLC",Dominion Renewable Energy,58468,UT,MTN,WECC,,22,2,NAICS-22 Non-Cogen,PV,SUN,SUN,,,,0,0,0,0,0,0,0,0,0,0,0,0,0,0,0,0,0,0,0,0,0,0,0,0,0,0,0,0,0,0,0,0,0,0,0,0,47626,70378,105397,115754,137966,150837,112378,107705,96273,101264,69663,63757,47626,70378,105397,115754,137966,150837,112378,107705,96273,101264,69663,63757,5169,7639,11440,12564,14975,16372,12198,11690,10450,10991,7561,6920,0,0,1178998,1178998,127971,2017
11975,59946,N,,"Granite Mountain Solar East, LLC",Dominion Renewable Energy,58468,UT,MTN,WECC,,22,2,NAICS-22 Non-Cogen,PV,SUN,SUN,,,,0,0,0,0,0,0,0,0,0,0,0,0,0,0,0,0,0,0,0,0,0,0,0,0,0,0,0,0,0,0,0,0,0,0,0,0,77665,114767,171875,188765,224986,245976,183258,175638,156996,165134,113602,103971,77665,114767,171875,188765,224986,245976,183258,175638,156996,165134,113602,103971,8430,12457,18656,20489,24421,26699,19891,19064,17041,17924,12331,11285,0,0,1922633,1922633,208687,2017
11985,59958,N,,Milford 2,SunE DB24 LLC,59716,UT,MTN,WECC,,22,2,NAICS-22 Non-Cogen,PV,SUN,SUN,,,,0,0,0,0,0,0,0,0,0,0,0,0,0,0,0,0,0,0,0,0,0,0,0,0,0,0,0,0,0,0,0,0,0,0,0,0,2426,3585,5368,5896,7027,7683,5724,5486,4904,5158,3548,3247,2426,3585,5368,5896,7027,7683,5724,5486,4904,5158,3548,3247,263,389,583,640,763,834,621,595,532,560,385,352,0,0,60052,60052,6518,2017
11992,59965,N,,Latigo Wind Park,"Sustainable Power Group, LLC",58661,UT,MTN,WECC,,22,2,NAICS-22 Non-Cogen,WT,WND,WND,,,,0,0,0,0,0,0,0,0,0,0,0,0,0,0,0,0,0,0,0,0,0,0,0,0,0,0,0,0,0,0,0,0,0,0,0,0,181924,177572,130576,93764,100988,127575,84251,85456,84426,82749,159551,107260,181924,177572,130576,93764,100988,127575,84251,85456,84426,82749,159551,107260,19746,19274,14173,10177,10962,13847,9145,9276,9164,8982,17318,11642,0,0,1416092,1416092,153706,2017
12282,60349,N,,"Hill AFB LFG Facility, Bldg #737",Ameresco Federal Solutions,60146,UT,MTN,WECC,,928,4,Commercial NAICS Non-Cogen,IC,LFG,MLG,,,mcf,23030,25532,21429,34504,26001,20221,11512,10149,15365,18262,23850,22998,23030,25532,21429,34504,26001,20221,11512,10149,15365,18262,23850,22998,0,0,0,0,0,0,0,0,0,0,0,0,8936,9575,9022,13871,11336,9221,5422,4435,6361,7414,9158,9038,8936,9575,9022,13871,11336,9221,5422,4435,6361,7414,9158,9038,944,1026,863,1409,1055,808,478,411,583,688,854,837,252853,252853,103789,103789,9956,2017
12335,60421,N,,Veyo Heat Recovery Project,Utah Associated Mun Power Sys,40575,UT,MTN,WECC,,22,1,Electric Utility,ST,WH,OTH,,,,0,0,0,0,0,0,0,0,0,0,0,0,0,0,0,0,0,0,0,0,0,0,0,0,0,0,0,0,0,0,0,0,0,0,0,0,48020,55392,53775,48680,1468,37951,67597,58572,52898,10257,12986,39927,48020,55392,53775,48680,1468,37951,67597,58572,52898,10257,12986,39927,5212,6012,5837,5284,159,4119,7337,6358,5742,1113,1410,4334,0,0,487523,487523,52917,2017
12344,60432,N,,Three Peaks Power,Three Peaks Power LLC,60245,UT,MTN,WECC,,22,2,NAICS-22 Non-Cogen,PV,SUN,SUN,,,,0,0,0,0,0,0,0,0,0,0,0,0,0,0,0,0,0,0,0,0,0,0,0,0,0,0,0,0,0,0,0,0,0,0,0,0,81848,121621,182602,191538,239474,261981,194947,186738,166774,175360,120294,109920,81848,121621,182602,191538,239474,261981,194947,186738,166774,175360,120294,109920,8884,13201,19820,20790,25993,28436,21160,20269,18102,19034,13057,11931,0,0,2033097,2033097,220677,2017
12357,60449,N,,Pavant Solar II LLC,Pavant Solar II LLC,60238,UT,MTN,WECC,,22,2,NAICS-22 Non-Cogen,PV,SUN,SUN,,,,0,0,0,0,0,0,0,0,0,0,0,0,0,0,0,0,0,0,0,0,0,0,0,0,0,0,0,0,0,0,0,0,0,0,0,0,44352,65540,98153,107798,128483,140469,104653,100302,89656,94303,64875,59375,44352,65540,98153,107798,128483,140469,104653,100302,89656,94303,64875,59375,4814,7114,10654,11701,13946,15247,11359,10887,9731,10236,7042,6445,0,0,1097959,1097959,119175,2017
12658,60821,N,,Weber State University - Davis Campus PV,Tesla Inc.,60947,UT,MTN,WECC,,22,2,NAICS-22 Non-Cogen,PV,SUN,SUN,,,,0,0,0,0,0,0,0,0,0,0,0,0,0,0,0,0,0,0,0,0,0,0,0,0,0,0,0,0,0,0,0,0,0,0,0,0,0,0,0,0,0,0,0,0,0,0,0,0,0,0,0,0,0,0,0,0,0,0,0,0,0,0,0,0,0,0,0,0,0,0,0,0,0,0,0,0,0,2017
12704,60886,N,,Pavant Solar III,Pavant Solar III LLC,60536,UT,MTN,WECC,,22,2,NAICS-22 Non-Cogen,PV,SUN,SUN,,,,0,0,0,0,0,0,0,0,0,0,0,0,0,0,0,0,0,0,0,0,0,0,0,0,0,0,0,0,0,0,0,0,0,0,0,0,17870,26407,39548,43434,51768,56598,42167,40413,36124,37997,26139,23923,17870,26407,39548,43434,51768,56598,42167,40413,36124,37997,26139,23923,1940,2866,4293,4714,5619,6143,4577,4387,3921,4124,2837,2597,0,0,442388,442388,48018,2017
12855,61119,N,,Quichapa 1,Quichapa 1 LLC,60731,UT,MTN,WECC,,22,2,NAICS-22 Non-Cogen,PV,SUN,SUN,,,,0,0,0,0,0,0,0,0,0,0,0,0,0,0,0,0,0,0,0,0,0,0,0,0,0,0,0,0,0,0,0,0,0,0,0,0,3052,4510,6754,7417,8840,9665,7201,6901,6169,6489,4464,4085,3052,4510,6754,7417,8840,9665,7201,6901,6169,6489,4464,4085,331,489,733,805,960,1049,782,749,670,704,485,443,0,0,75547,75547,8200,2017
12856,61120,N,,Quichapa 2,Quichapa 2 LLC,60732,UT,MTN,WECC,,22,2,NAICS-22 Non-Cogen,PV,SUN,SUN,,,,0,0,0,0,0,0,0,0,0,0,0,0,0,0,0,0,0,0,0,0,0,0,0,0,0,0,0,0,0,0,0,0,0,0,0,0,3011,4449,6663,7318,8722,9536,7104,6809,6086,6402,4404,4031,3011,4449,6663,7318,8722,9536,7104,6809,6086,6402,4404,4031,327,483,723,794,947,1035,771,739,661,695,478,437,0,0,74535,74535,8090,2017
12857,61121,N,,Quichapa 3,Quichapa 3 LLC,60733,UT,MTN,WECC,,22,2,NAICS-22 Non-Cogen,PV,SUN,SUN,,,,0,0,0,0,0,0,0,0,0,0,0,0,0,0,0,0,0,0,0,0,0,0,0,0,0,0,0,0,0,0,0,0,0,0,0,0,2955,4367,6539,7182,8560,9359,6973,6683,5973,6283,4322,3956,2955,4367,6539,7182,8560,9359,6973,6683,5973,6283,4322,3956,321,474,710,780,929,1016,757,725,648,682,469,429,0,0,73152,73152,7940,2017
13080,61508,N,,Provo Power Plant,Utah Municipal Power Agency,24431,UT,MTN,WECC,,22,1,Electric Utility,IC,NG,NG,,,mcf,853,470,387,378,417,593,842,992,584,333,392,652,853,470,387,378,417,593,842,992,584,333,392,652,1,1,1,1,1,1,1,1,1,1,1,1,870,479,395,386,425,605,859,1012,596,340,400,665,870,479,395,386,425,605,859,1012,596,340,400,665,98,54,45,44,48,68,97,114,67,38,45,75,6893,6893,7032,7032,793,2017
13232,61853,N,,Jordanelle Dam Hydroelectric Project,Central Utah Water Conservancy District,61476,UT,MTN,WECC,,22,1,Electric Utility,HY,WAT,HYC,,,,0,0,0,0,0,0,0,0,0,0,0,0,0,0,0,0,0,0,0,0,0,0,0,0,0,0,0,0,0,0,0,0,0,0,0,0,36719,31757,42329,41279,41744,43830,46922,42097,33349,32120,35072,35411,36719,31757,42329,41279,41744,43830,46922,42097,33349,32120,35072,35411,3986,3447,4594,4481,4531,4757,5093,4569,3620,3486,3807,3844,0,0,462629,462629,50215,2017
